"senatore","nome","cognome","genere","cittaNascita","provinciaNascita","nazioneNascita","dataNascita","cittaResidenza","provinciaResidenza","nazioneResidenza","Professione","inizioMandato","legislatura","tipoMandato"
"http://dati.senato.it/senatore/32","Maria Elisabetta","Alberti Casellati","F","Rovigo","Rovigo","Italia",1946-08-12,"PADOVA","Padova","Italia","Avvocato",2022-10-13,19,"elettivo"
"http://dati.senato.it/senatore/32578","Alessandro","Alfieri","M","Varese","Varese","Italia",1972-02-02,"MILANO","Milano","Italia","Libero professionista",2022-10-13,19,"elettivo"
"http://dati.senato.it/senatore/32578","Alessandro","Alfieri","M","Varese","Varese","Italia",1972-02-02,"MILANO","Milano","Italia","Altra professione intellettuale o scientifica",2022-10-13,19,"elettivo"
"http://dati.senato.it/senatore/36381","Vincenza","Aloisio","F","Muro Lucano","Potenza","Italia",1946-12-15,"NAPOLI","Napoli","Italia","Medico",2022-10-13,19,"elettivo"
"http://dati.senato.it/senatore/36381","Vincenza","Aloisio","F","Muro Lucano","Potenza","Italia",1946-12-15,"NAPOLI","Napoli","Italia","Medico, dirigente, insegnante",2022-10-13,19,"elettivo"
"http://dati.senato.it/senatore/36382","Paola","Ambrogio","F","Torino","Torino","Italia",1970-12-02,"TORINO","Torino","Italia","Amministratore locale",2022-10-13,19,"elettivo"
"http://dati.senato.it/senatore/36382","Paola","Ambrogio","F","Torino","Torino","Italia",1970-12-02,"TORINO","Torino","Italia","Funzionario pubblico",2022-10-13,19,"elettivo"
"http://dati.senato.it/senatore/36382","Paola","Ambrogio","F","Torino","Torino","Italia",1970-12-02,"TORINO","Torino","Italia","Funzionario consiglio regionale piemonte",2022-10-13,19,"elettivo"
"http://dati.senato.it/senatore/31010","Bartolomeo","Amidei","M","Rovigo","Rovigo","Italia",1961-05-23,"LOREO","Rovigo","Italia","Imprenditore",2022-10-13,19,"elettivo"
"http://dati.senato.it/senatore/36383","Renato","Ancorotti","M","Crema","Cremona","Italia",1956-03-19,"CREMA","Cremona","Italia","Imprenditore",2022-10-13,19,"elettivo"
"http://dati.senato.it/senatore/36383","Renato","Ancorotti","M","Crema","Cremona","Italia",1956-03-19,"CREMA","Cremona","Italia","Industriale",2022-10-13,19,"elettivo"
"http://dati.senato.it/senatore/17542","Alberto","Balboni","M","Ferrara","Ferrara","Italia",1959-06-19,"FERRARA","Ferrara","Italia","Avvocato",2022-10-13,19,"elettivo"
"http://dati.senato.it/senatore/32583","Alberto","Barachini","M","Pisa","Pisa","Italia",1972-08-21,"MILANO","Milano","Italia","Giornalista",2022-10-13,19,"elettivo"
"http://dati.senato.it/senatore/36431","Michele","Barcaiuolo","M","MODENA","Modena","Italia",1979-02-07,"MODENA","Modena","Italia","Avvocato",2022-10-13,19,"elettivo"
"http://dati.senato.it/senatore/29270","Lorenzo","Basso","M","Genova","Genova","Italia",1976-02-19,"COGOLETO","Genova","Italia","Imprenditore",2022-10-13,19,"elettivo"
"http://dati.senato.it/senatore/29273","Alfredo","Bazoli","M","Brescia","Brescia","Italia",1969-12-15,"CELLATICA","Brescia","Italia","Avvocato",2022-10-13,19,"elettivo"
"http://dati.senato.it/senatore/32586","Giorgio Maria","Bergesio","M","Bra","Cuneo","Italia",1963-11-22,"CERVERE","Cuneo","Italia","Dirigente industria",2022-10-13,19,"elettivo"
"http://dati.senato.it/senatore/32586","Giorgio Maria","Bergesio","M","Bra","Cuneo","Italia",1963-11-22,"CERVERE","Cuneo","Italia","Dirigente",2022-10-13,19,"elettivo"
"http://dati.senato.it/senatore/25558","Anna Maria","Bernini","F","Bologna","Bologna","Italia",1965-08-17,"BOLOGNA","Bologna","Italia","Docente universitario",2022-10-13,19,"elettivo"
"http://dati.senato.it/senatore/25558","Anna Maria","Bernini","F","Bologna","Bologna","Italia",1965-08-17,"BOLOGNA","Bologna","Italia","Avvocato, professore universitario",2022-10-13,19,"elettivo"
"http://dati.senato.it/senatore/25558","Anna Maria","Bernini","F","Bologna","Bologna","Italia",1965-08-17,"BOLOGNA","Bologna","Italia","Docente universitario (professore associato) di diritto pubblico comparato presso la facoltà di economia dell'università di bologna, avvocato (diritto commerciale-amministrativo)",2022-10-13,19,"elettivo"
"http://dati.senato.it/senatore/36384","Gianni","Berrino","M","San Remo","Imperia","Italia",1964-05-07,"TAGGIA","Imperia","Italia","Avvocato",2022-10-13,19,"elettivo"
"http://dati.senato.it/senatore/36385","Dolores","Bevilacqua","F","Partinico","Palermo","Italia",1974-08-27,"PALERMO","Palermo","Italia","Giornalista",2022-10-13,19,"elettivo"
"http://dati.senato.it/senatore/36385","Dolores","Bevilacqua","F","Partinico","Palermo","Italia",1974-08-27,"PALERMO","Palermo","Italia","Giornalista, specializzata in recruiting e formazione, specializzata in normativa privacy, antiriciclaggio e tutela del consumatore",2022-10-13,19,"elettivo"
"http://dati.senato.it/senatore/22871","Michaela","Biancofiore","F","Bolzano","Bolzano","Italia",1970-12-28,"BOLZANO","Bolzano","Italia","Imprenditore",2022-10-13,19,"elettivo"
"http://dati.senato.it/senatore/22871","Michaela","Biancofiore","F","Bolzano","Bolzano","Italia",1970-12-28,"BOLZANO","Bolzano","Italia","Imprenditrice",2022-10-13,19,"elettivo"
"http://dati.senato.it/senatore/22871","Michaela","Biancofiore","F","Bolzano","Bolzano","Italia",1970-12-28,"BOLZANO","Bolzano","Italia","Ceo e founder bauking srl",2022-10-13,19,"elettivo"
"http://dati.senato.it/senatore/32851","Anna","Bilotti","F","BATTIPAGLIA","Salerno","Italia",1982-06-15,"GIFFONI VALLE PIANA","Salerno","Italia","Avvocato",2022-10-13,19,"elettivo"
"http://dati.senato.it/senatore/32851","Anna","Bilotti","F","BATTIPAGLIA","Salerno","Italia",1982-06-15,"GIFFONI VALLE PIANA","Salerno","Italia","Avvocato penalista",2022-10-13,19,"elettivo"
"http://dati.senato.it/senatore/36386","Mara","Bizzotto","F","Bassano Del Grappa","Vicenza","Italia",1972-06-03,"TEZZE SUL BRENTA","Vicenza","Italia",,2022-10-13,19,"elettivo"
"http://dati.senato.it/senatore/25555","Francesco","Boccia","M","Bisceglie","Barletta-Andria-Trani","Italia",1968-03-18,"BISCEGLIE","Barletta-Andria-Trani","Italia","Docente universitario",2022-10-13,19,"elettivo"
"http://dati.senato.it/senatore/25555","Francesco","Boccia","M","Bisceglie","Barletta-Andria-Trani","Italia",1968-03-18,"BISCEGLIE","Barletta-Andria-Trani","Italia","Professore in economia delle amministrazioni pubbliche",2022-10-13,19,"elettivo"
"http://dati.senato.it/senatore/22877","Giulia","Bongiorno","F","Palermo","Palermo","Italia",1966-03-22,"ROMA","Roma","Italia","Avvocato",2022-10-13,19,"elettivo"
"http://dati.senato.it/senatore/29291","Mario Alejandro","Borghese","M","CORDOBA",,"Argentina",1981-04-14,"CORDOBA","Stato Estero","Argentina","Medico",2022-10-13,19,"elettivo"
"http://dati.senato.it/senatore/29291","Mario Alejandro","Borghese","M","CORDOBA",,"Argentina",1981-04-14,"CORDOBA","Stato Estero","Argentina","Docente universitario",2022-10-13,19,"elettivo"
"http://dati.senato.it/senatore/29291","Mario Alejandro","Borghese","M","CORDOBA",,"Argentina",1981-04-14,"CORDOBA","Stato Estero","Argentina","Chirurgo dermatologo",2022-10-13,19,"elettivo"
"http://dati.senato.it/senatore/29292","Stefano","Borghesi","M","Brescia","Brescia","Italia",1977-09-16,"CONCESIO","Brescia","Italia","Commercialista",2022-10-13,19,"elettivo"
"http://dati.senato.it/senatore/29292","Stefano","Borghesi","M","Brescia","Brescia","Italia",1977-09-16,"CONCESIO","Brescia","Italia","Dottore commercialista, revisore legale",2022-10-13,19,"elettivo"
"http://dati.senato.it/senatore/29292","Stefano","Borghesi","M","Brescia","Brescia","Italia",1977-09-16,"CONCESIO","Brescia","Italia","Dottore commercialista e revisore legale",2022-10-13,19,"elettivo"
"http://dati.senato.it/senatore/33070","Claudio","Borghi","M","Milano","Milano","Italia",1970-06-06,"MILANO","Milano","Italia","Giornalista",2022-10-13,19,"elettivo"
"http://dati.senato.it/senatore/29293","Enrico","Borghi","M","Premosello-Chiovenda","Verbano Cusio Ossola","Italia",1967-08-06,"VOGOGNA","Verbano Cusio Ossola","Italia","Dirigente",2022-10-13,19,"elettivo"
"http://dati.senato.it/senatore/32590","Lucia","Borgonzoni","F","Bologna","Bologna","Italia",1976-09-18,"ROMA","Roma","Italia","Amministratore locale",2022-10-13,19,"elettivo"
"http://dati.senato.it/senatore/32856","Carmela","Bucalo","F","Barcellona Pozzo Di Gotto","Messina","Italia",1963-06-27,"BARCELLONA POZZO DI GOTTO","Messina","Italia","Dirigente",2022-10-13,19,"elettivo"
"http://dati.senato.it/senatore/407","Alessio","Butti","M","Como","Como","Italia",1964-10-15,"COMO","Como","Italia","Consulente",2022-10-13,19,"elettivo"
"http://dati.senato.it/senatore/34485","Nicola","Calandrini","M","Latina","Latina","Italia",1966-11-05,"LATINA","Latina","Italia","Commercialista",2022-10-13,19,"elettivo"
"http://dati.senato.it/senatore/34485","Nicola","Calandrini","M","Latina","Latina","Italia",1966-11-05,"LATINA","Latina","Italia","Consulente legale, revisore legale",2022-10-13,19,"elettivo"
"http://dati.senato.it/senatore/422","Roberto","Calderoli","M","Bergamo","Bergamo","Italia",1956-04-18,"BERGAMO","Bergamo","Italia","Medico",2022-10-13,19,"elettivo"
"http://dati.senato.it/senatore/422","Roberto","Calderoli","M","Bergamo","Bergamo","Italia",1956-04-18,"BERGAMO","Bergamo","Italia","Medico chirurgo maxillo-facciale",2022-10-13,19,"elettivo"
"http://dati.senato.it/senatore/422","Roberto","Calderoli","M","Bergamo","Bergamo","Italia",1956-04-18,"BERGAMO","Bergamo","Italia","Medico chirurgo maxillo - facciale",2022-10-13,19,"elettivo"
"http://dati.senato.it/senatore/30110","Carlo","Calenda","M","Roma","Roma","Italia",1973-04-09,"ROMA","Roma","Italia","Amministratore o manager",2022-10-13,19,"elettivo"
"http://dati.senato.it/senatore/30110","Carlo","Calenda","M","Roma","Roma","Italia",1973-04-09,"ROMA","Roma","Italia","Manager",2022-10-13,19,"elettivo"
"http://dati.senato.it/senatore/36432","Susanna Donatella","Campione","F","Tripoli",,"Libia",1966-02-03,"ROMA","Roma","Italia","Avvocato",2022-10-13,19,"elettivo"
"http://dati.senato.it/senatore/36392","Susanna Lina Giulia","Camusso","F","Milano","Milano","Italia",1955-08-14,"MILANO","Milano","Italia","Sindacalista",2022-10-13,19,"elettivo"
"http://dati.senato.it/senatore/36392","Susanna Lina Giulia","Camusso","F","Milano","Milano","Italia",1955-08-14,"MILANO","Milano","Italia","Sindacalista o esponente di associazione",2022-10-13,19,"elettivo"
"http://dati.senato.it/senatore/32862","Gianluca","Cantalamessa","M","Napoli","Napoli","Italia",1968-02-02,"NAPOLI","Napoli","Italia","Assicuratore",2022-10-13,19,"elettivo"
"http://dati.senato.it/senatore/32598","Maria Cristina","Cantu'","F","Varese","Varese","Italia",1964-12-21,"MILANO","Milano","Italia","Dirigente",2022-10-13,19,"elettivo"
"http://dati.senato.it/senatore/520","Pier Ferdinando","Casini","M","Bologna","Bologna","Italia",1955-12-03,"ROMA","Roma","Italia","Dirigente",2022-10-13,19,"elettivo"
"http://dati.senato.it/senatore/36388","Guido","Castelli","M","Siena","Siena","Italia",1965-11-30,"ASCOLI PICENO","Ascoli Piceno","Italia","Avvocato",2022-10-13,19,"elettivo"
"http://dati.senato.it/senatore/32600","Maria Domenica","Castellone","F","Villaricca","Napoli","Italia",1975-04-03,"GIUGLIANO IN CAMPANIA","Napoli","Italia","Ricercatore",2022-10-13,19,"elettivo"
"http://dati.senato.it/senatore/32600","Maria Domenica","Castellone","F","Villaricca","Napoli","Italia",1975-04-03,"GIUGLIANO IN CAMPANIA","Napoli","Italia","Medico, ricercatore cnr",2022-10-13,19,"elettivo"
"http://dati.senato.it/senatore/33065","Roberto","Cataldi","M","Ascoli Piceno","Ascoli Piceno","Italia",1960-04-15,"ASCOLI PICENO","Ascoli Piceno","Italia","Avvocato",2022-10-13,19,"elettivo"
"http://dati.senato.it/senatore/30511","Elena","Cattaneo","F","Milano","Milano","Italia",1962-10-22,"BRUGHERIO","Monza e Brianza","Italia","Docente universitario",2022-10-13,19,"a vita, di nomina del Presidente della Repubblica"
"http://dati.senato.it/senatore/30511","Elena","Cattaneo","F","Milano","Milano","Italia",1962-10-22,"BRUGHERIO","Monza e Brianza","Italia","Professore ordinario di farmacologia",2022-10-13,19,"a vita, di nomina del Presidente della Repubblica"
"http://dati.senato.it/senatore/29067","Gian Marco","Centinaio","M","Pavia","Pavia","Italia",1971-10-31,"PAVIA","Pavia","Italia","Dirigente",2022-10-13,19,"elettivo"
"http://dati.senato.it/senatore/29067","Gian Marco","Centinaio","M","Pavia","Pavia","Italia",1971-10-31,"PAVIA","Pavia","Italia","Direttore commerciale",2022-10-13,19,"elettivo"
"http://dati.senato.it/senatore/32603","Luca","Ciriani","M","Pordenone","Pordenone","Italia",1967-01-26,"FIUME VENETO","Pordenone","Italia","Impiegato",2022-10-13,19,"elettivo"
"http://dati.senato.it/senatore/22910","Giulia","Cosenza","F","Napoli","Napoli","Italia",1968-01-25,"ROMA","Roma","Italia","Dirigente",2022-10-13,19,"elettivo"
"http://dati.senato.it/senatore/22914","Stefania Gabriella Anastasia","Craxi","F","Milano","Milano","Italia",1960-10-25,"ORBETELLO","Grosseto","Italia","Altra professione intellettuale o scientifica",2022-10-13,19,"elettivo"
"http://dati.senato.it/senatore/36387","Andrea","Crisanti","M","Roma","Roma","Italia",1954-09-14,"PADOVA","Padova","Italia","Docente universitario",2022-10-13,19,"elettivo"
"http://dati.senato.it/senatore/32608","Marco","Croatti","M","Rimini","Rimini","Italia",1972-09-17,"RIMINI","Rimini","Italia","Altra professione intellettuale o scientifica",2022-10-13,19,"elettivo"
"http://dati.senato.it/senatore/32608","Marco","Croatti","M","Rimini","Rimini","Italia",1972-09-17,"RIMINI","Rimini","Italia","Grafico pubblicitario",2022-10-13,19,"elettivo"
"http://dati.senato.it/senatore/36390","Ilaria","Cucchi","F","Roma","Roma","Italia",1974-06-22,"ROMA","Roma","Italia","Libero professionista",2022-10-13,19,"elettivo"
"http://dati.senato.it/senatore/36390","Ilaria","Cucchi","F","Roma","Roma","Italia",1974-06-22,"ROMA","Roma","Italia","Consulente",2022-10-13,19,"elettivo"
"http://dati.senato.it/senatore/31875","Cecilia","D'Elia","F","Potenza","Potenza","Italia",1963-07-31,"ROMA","Roma","Italia","Consulente",2022-10-13,19,"elettivo"
"http://dati.senato.it/senatore/36391","Concetta","Damante","F","Gela","Caltanissetta","Italia",1972-02-05,"BUTERA","Caltanissetta","Italia","Consulente",2022-10-13,19,"elettivo"
"http://dati.senato.it/senatore/36391","Concetta","Damante","F","Gela","Caltanissetta","Italia",1972-02-05,"BUTERA","Caltanissetta","Italia","Altra professione intellettuale o scientifica",2022-10-13,19,"elettivo"
"http://dati.senato.it/senatore/36391","Concetta","Damante","F","Gela","Caltanissetta","Italia",1972-02-05,"BUTERA","Caltanissetta","Italia","Consulente in gestione dei fondi europei",2022-10-13,19,"elettivo"
"http://dati.senato.it/senatore/32747","Dario","Damiani","M","Barletta","Barletta-Andria-Trani","Italia",1974-06-21,"BARLETTA","Barletta-Andria-Trani","Italia","Impiegato",2022-10-13,19,"elettivo"
"http://dati.senato.it/senatore/32747","Dario","Damiani","M","Barletta","Barletta-Andria-Trani","Italia",1974-06-21,"BARLETTA","Barletta-Andria-Trani","Italia","Bancario",2022-10-13,19,"elettivo"
"http://dati.senato.it/senatore/32898","Luca","De Carlo","M","Pieve Di Cadore","Belluno","Italia",1972-08-07,"CALALZO DI CADORE","Belluno","Italia","Commerciante",2022-10-13,19,"elettivo"
"http://dati.senato.it/senatore/22918","Peppe","De Cristofaro","M","Napoli","Napoli","Italia",1971-06-26,"NAPOLI","Napoli","Italia","Impiegato",2022-10-13,19,"elettivo"
"http://dati.senato.it/senatore/22918","Peppe","De Cristofaro","M","Napoli","Napoli","Italia",1971-06-26,"NAPOLI","Napoli","Italia","Funzionario di partito",2022-10-13,19,"elettivo"
"http://dati.senato.it/senatore/22814","Antonio","De Poli","M","Vicenza","Vicenza","Italia",1960-10-04,"CARMIGNANO DI BRENTA","Padova","Italia","Impiegato",2022-10-13,19,"elettivo"
"http://dati.senato.it/senatore/36393","Andrea","De Priamo","M","Roma","Roma","Italia",1971-05-24,"ROMA","Roma","Italia","Avvocato",2022-10-13,19,"elettivo"
"http://dati.senato.it/senatore/36393","Andrea","De Priamo","M","Roma","Roma","Italia",1971-05-24,"ROMA","Roma","Italia","Incaricato giuridico d'impresa",2022-10-13,19,"elettivo"
"http://dati.senato.it/senatore/36393","Andrea","De Priamo","M","Roma","Roma","Italia",1971-05-24,"ROMA","Roma","Italia","Incaricato giuridico di imprese",2022-10-13,19,"elettivo"
"http://dati.senato.it/senatore/36394","Raffaele","De Rosa","M","Pompei","Napoli","Italia",1978-06-20,"BOSCOREALE","Napoli","Italia","Appartenente alle forze dell'ordine e di sicurezza",2022-10-13,19,"elettivo"
"http://dati.senato.it/senatore/36394","Raffaele","De Rosa","M","Pompei","Napoli","Italia",1978-06-20,"BOSCOREALE","Napoli","Italia","Ufficiale c.m. cri",2022-10-13,19,"elettivo"
"http://dati.senato.it/senatore/36395","Costanzo","Della Porta","M","Termoli","Campobasso","Italia",1975-10-29,"SAN GIACOMO DEGLI SCHIAVONI","Campobasso","Italia","Avvocato",2022-10-13,19,"elettivo"
"http://dati.senato.it/senatore/28670","Graziano","Delrio","M","Reggio Nell'Emilia","Reggio nell'Emilia","Italia",1960-04-27,"REGGIO NELL'EMILIA","Reggio nell'Emilia","Italia","Ricercatore",2022-10-13,19,"elettivo"
"http://dati.senato.it/senatore/28670","Graziano","Delrio","M","Reggio Nell'Emilia","Reggio nell'Emilia","Italia",1960-04-27,"REGGIO NELL'EMILIA","Reggio nell'Emilia","Italia","Ricercatore, medico",2022-10-13,19,"elettivo"
"http://dati.senato.it/senatore/32619","Gabriella","Di Girolamo","F","Sulmona","L'Aquila","Italia",1977-05-15,"SULMONA","L'Aquila","Italia","Imprenditore",2022-10-13,19,"elettivo"
"http://dati.senato.it/senatore/32619","Gabriella","Di Girolamo","F","Sulmona","L'Aquila","Italia",1977-05-15,"SULMONA","L'Aquila","Italia","Imprenditrice",2022-10-13,19,"elettivo"
"http://dati.senato.it/senatore/36396","Marco","Dreosto","M","Spilimbergo","Pordenone","Italia",1969-03-18,"SPILIMBERGO","Pordenone","Italia","Direttore commerciale",2022-10-13,19,"elettivo"
"http://dati.senato.it/senatore/36396","Marco","Dreosto","M","Spilimbergo","Pordenone","Italia",1969-03-18,"SPILIMBERGO","Pordenone","Italia","Altro",2022-10-13,19,"elettivo"
"http://dati.senato.it/senatore/33096","Claudio","Durigon","M","Latina","Latina","Italia",1971-09-10,"ROMA","Roma","Italia","Dirigente azienda",2022-10-13,19,"elettivo"
"http://dati.senato.it/senatore/33096","Claudio","Durigon","M","Latina","Latina","Italia",1971-09-10,"ROMA","Roma","Italia","Altro",2022-10-13,19,"elettivo"
"http://dati.senato.it/senatore/32624","Meinhard","Durnwalder","M","Brunico","Bolzano","Italia",1976-12-12,"FALZES","Bolzano","Italia","Avvocato",2022-10-13,19,"elettivo"
"http://dati.senato.it/senatore/36398","Anna Maria","Fallucchi","F","Foggia","Foggia","Italia",1968-05-19,"FOGGIA","Foggia","Italia","Imprenditore",2022-10-13,19,"elettivo"
"http://dati.senato.it/senatore/36398","Anna Maria","Fallucchi","F","Foggia","Foggia","Italia",1968-05-19,"FOGGIA","Foggia","Italia","Imprenditore agricolo/turistico",2022-10-13,19,"elettivo"
"http://dati.senato.it/senatore/36397","Marta","Farolfi","F","Brisighella","Ravenna","Italia",1962-01-01,"BRISIGHELLA","Ravenna","Italia","Amministratore locale",2022-10-13,19,"elettivo"
"http://dati.senato.it/senatore/32628","Giovanbattista","Fazzolari","M","Messina","Messina","Italia",1972-02-24,"FIUMICINO","Roma","Italia","Libero professionista",2022-10-13,19,"elettivo"
"http://dati.senato.it/senatore/32628","Giovanbattista","Fazzolari","M","Messina","Messina","Italia",1972-02-24,"FIUMICINO","Roma","Italia","Consulente",2022-10-13,19,"elettivo"
"http://dati.senato.it/senatore/4192","Claudio","Fazzone","M","Fondi","Latina","Italia",1961-10-07,"FONDI","Latina","Italia","Avvocato",2022-10-13,19,"elettivo"
"http://dati.senato.it/senatore/4192","Claudio","Fazzone","M","Fondi","Latina","Italia",1961-10-07,"FONDI","Latina","Italia","Imprenditore",2022-10-13,19,"elettivo"
"http://dati.senato.it/senatore/4192","Claudio","Fazzone","M","Fondi","Latina","Italia",1961-10-07,"FONDI","Latina","Italia","Imprenditore, funzionario polizia di stato in pensione, avvocato",2022-10-13,19,"elettivo"
"http://dati.senato.it/senatore/30294","Michele","Fina","M","Avezzano","L'Aquila","Italia",1978-09-30,"L'AQUILA","L'Aquila","Italia","Altro",2022-10-13,19,"elettivo"
"http://dati.senato.it/senatore/30294","Michele","Fina","M","Avezzano","L'Aquila","Italia",1978-09-30,"L'AQUILA","L'Aquila","Italia","Esperto per il ministero del lavoro e delle politiche sociali",2022-10-13,19,"elettivo"
"http://dati.senato.it/senatore/36399","Aurora","Floridia","F","Verona","Verona","Italia",1967-05-06,"MALCESINE","Verona","Italia","Altra professione intellettuale o scientifica",2022-10-13,19,"elettivo"
"http://dati.senato.it/senatore/36399","Aurora","Floridia","F","Verona","Verona","Italia",1967-05-06,"MALCESINE","Verona","Italia","Titolare di scuola di lingue e formazione, formatrice di pdl, linguista ricercatrice, psicodrammatista per le aree psicosociali e pedagogiche",2022-10-13,19,"elettivo"
"http://dati.senato.it/senatore/32634","Barbara","Floridia","F","Messina","Messina","Italia",1977-02-05,"VENETICO","Messina","Italia","Insegnante",2022-10-13,19,"elettivo"
"http://dati.senato.it/senatore/32634","Barbara","Floridia","F","Messina","Messina","Italia",1977-02-05,"VENETICO","Messina","Italia","Docente",2022-10-13,19,"elettivo"
"http://dati.senato.it/senatore/32634","Barbara","Floridia","F","Messina","Messina","Italia",1977-02-05,"VENETICO","Messina","Italia","Docente di lettere (scuola secondaria di ii grado)",2022-10-13,19,"elettivo"
"http://dati.senato.it/senatore/36400","Silvio","Franceschelli","M","Pistoia","Pistoia","Italia",1970-08-16,"MONTALCINO","Siena","Italia","Avvocato",2022-10-13,19,"elettivo"
"http://dati.senato.it/senatore/5799","Dario","Franceschini","M","Ferrara","Ferrara","Italia",1958-10-19,"FERRARA","Ferrara","Italia","Avvocato",2022-10-13,19,"elettivo"
"http://dati.senato.it/senatore/29406","Silvia","Fregolent","F","Torino","Torino","Italia",1972-01-25,"TORINO","Torino","Italia","Avvocato",2022-10-13,19,"elettivo"
"http://dati.senato.it/senatore/31725","Annamaria","Furlan","F","Genova","Genova","Italia",1958-04-24,"GENOVA","Genova","Italia","Sindacalista",2022-10-13,19,"elettivo"
"http://dati.senato.it/senatore/31725","Annamaria","Furlan","F","Genova","Genova","Italia",1958-04-24,"GENOVA","Genova","Italia","Sindacalista o esponente di associazione",2022-10-13,19,"elettivo"
"http://dati.senato.it/senatore/32637","Adriano","Galliani","M","Monza","Monza e Brianza","Italia",1944-07-30,"MILANO","Milano","Italia","Amministratore o manager",2023-10-30,19,"elettivo"
"http://dati.senato.it/senatore/32637","Adriano","Galliani","M","Monza","Monza e Brianza","Italia",1944-07-30,"MILANO","Milano","Italia","Amministratore d'azienda",2023-10-30,19,"elettivo"
"http://dati.senato.it/senatore/32637","Adriano","Galliani","M","Monza","Monza e Brianza","Italia",1944-07-30,"MILANO","Milano","Italia","Amministratore di società",2023-10-30,19,"elettivo"
"http://dati.senato.it/senatore/22963","Massimo","Garavaglia","M","Cuggiono","Milano","Italia",1968-04-08,"MARCALLO CON CASONE","Milano","Italia","Consulente aziendale",2022-10-13,19,"elettivo"
"http://dati.senato.it/senatore/22963","Massimo","Garavaglia","M","Cuggiono","Milano","Italia",1968-04-08,"MARCALLO CON CASONE","Milano","Italia","Consulente",2022-10-13,19,"elettivo"
"http://dati.senato.it/senatore/18121","Daniela","Garnero Santanche'","F","Cuneo","Cuneo","Italia",1961-04-07,"MILANO","Milano","Italia","Imprenditore",2022-10-13,19,"elettivo"
"http://dati.senato.it/senatore/1103","Maurizio","Gasparri","M","Roma","Roma","Italia",1956-07-18,"ROMA","Roma","Italia","Giornalista",2022-10-13,19,"elettivo"
"http://dati.senato.it/senatore/32640","Felicia","Gaudiano","F","Albanella","Salerno","Italia",1966-01-09,"ALBANELLA","Salerno","Italia","Commercialista",2025-01-08,19,"elettivo"
"http://dati.senato.it/senatore/32640","Felicia","Gaudiano","F","Albanella","Salerno","Italia",1966-01-09,"ALBANELLA","Salerno","Italia","Commercialista, docente",2025-01-08,19,"elettivo"
"http://dati.senato.it/senatore/32640","Felicia","Gaudiano","F","Albanella","Salerno","Italia",1966-01-09,"ALBANELLA","Salerno","Italia","Insegnante",2025-01-08,19,"elettivo"
"http://dati.senato.it/senatore/32640","Felicia","Gaudiano","F","Albanella","Salerno","Italia",1966-01-09,"ALBANELLA","Salerno","Italia","Insegnante di liceo",2025-01-08,19,"elettivo"
"http://dati.senato.it/senatore/32640","Felicia","Gaudiano","F","Albanella","Salerno","Italia",1966-01-09,"ALBANELLA","Salerno","Italia","Docente di discipline economico-aziendali e marketing (scuola secondaria di ii grado)",2025-01-08,19,"elettivo"
"http://dati.senato.it/senatore/36433","Matteo","Gelmetti","M","VERONA","Verona","Italia",1975-06-12,"VERONA","Verona","Italia","Consulente",2022-10-13,19,"elettivo"
"http://dati.senato.it/senatore/22966","Mariastella","Gelmini","F","Leno","Brescia","Italia",1973-07-01,"MILANO","Milano","Italia","Avvocato",2022-10-13,19,"elettivo"
"http://dati.senato.it/senatore/1116","Antonino","Germana'","M","Messina","Messina","Italia",1976-04-12,"MESSINA","Messina","Italia","Dirigente",2022-10-13,19,"elettivo"
"http://dati.senato.it/senatore/29105","Francesco","Giacobbe","M","Catania","Catania","Italia",1958-07-10,"NSW Sidney","Stato Estero","Australia","Docente universitario",2022-10-13,19,"elettivo"
"http://dati.senato.it/senatore/29105","Francesco","Giacobbe","M","Catania","Catania","Italia",1958-07-10,"NSW Sidney","Stato Estero","Australia","Commercialista",2022-10-13,19,"elettivo"
"http://dati.senato.it/senatore/29425","Andrea","Giorgis","M","Torino","Torino","Italia",1965-04-12,"TORINO","Torino","Italia","Docente universitario",2022-10-13,19,"elettivo"
"http://dati.senato.it/senatore/29425","Andrea","Giorgis","M","Torino","Torino","Italia",1965-04-12,"TORINO","Torino","Italia","Professore universitario",2022-10-13,19,"elettivo"
"http://dati.senato.it/senatore/29425","Andrea","Giorgis","M","Torino","Torino","Italia",1965-04-12,"TORINO","Torino","Italia","Professore di diritto costituzionale - facoltà di giurisprudenza, università di torino",2022-10-13,19,"elettivo"
"http://dati.senato.it/senatore/1227","Antonio","Guidi","M","Roma","Roma","Italia",1945-06-13,"ROMA","Roma","Italia","Medico",2022-10-13,19,"elettivo"
"http://dati.senato.it/senatore/1227","Antonio","Guidi","M","Roma","Roma","Italia",1945-06-13,"ROMA","Roma","Italia","Medico chirurgo",2022-10-13,19,"elettivo"
"http://dati.senato.it/senatore/32644","Barbara","Guidolin","F","Bassano Del Grappa","Vicenza","Italia",1975-09-21,"CASSOLA","Vicenza","Italia","Infermiere",2022-10-13,19,"elettivo"
"http://dati.senato.it/senatore/32644","Barbara","Guidolin","F","Bassano Del Grappa","Vicenza","Italia",1975-09-21,"CASSOLA","Vicenza","Italia","Operatore socio sanitario",2022-10-13,19,"elettivo"
"http://dati.senato.it/senatore/32644","Barbara","Guidolin","F","Bassano Del Grappa","Vicenza","Italia",1975-09-21,"CASSOLA","Vicenza","Italia","Operatrice socio sanitaria",2022-10-13,19,"elettivo"
"http://dati.senato.it/senatore/32645","Antonio","Iannone","M","Torre Del Greco","Napoli","Italia",1975-09-18,"NOCERA INFERIORE","Salerno","Italia","Imprenditore",2022-10-13,19,"elettivo"
"http://dati.senato.it/senatore/36401","Nicola","Irto","M","Reggio di Calabria","Reggio di Calabria","Italia",1982-01-05,"REGGIO DI CALABRIA","Reggio di Calabria","Italia","Dirigente",2022-10-13,19,"elettivo"
"http://dati.senato.it/senatore/36401","Nicola","Irto","M","Reggio di Calabria","Reggio di Calabria","Italia",1982-01-05,"REGGIO DI CALABRIA","Reggio di Calabria","Italia","Architetto",2022-10-13,19,"elettivo"
"http://dati.senato.it/senatore/29447","Francesca","La Marca","F","TORONTO",,"Canada",1975-10-30,"ROMA","Roma","Italia","Docente universitario",2022-10-13,19,"elettivo"
"http://dati.senato.it/senatore/32650","Patrizio Giacomo","La Pietra","M","Pistoia","Pistoia","Italia",1961-04-10,"PISTOIA","Pistoia","Italia","Imprenditore",2022-10-13,19,"elettivo"
"http://dati.senato.it/senatore/1275","Ignazio","La Russa","M","Paterno'","Catania","Italia",1947-07-18,"MILANO","Milano","Italia","Avvocato",2022-10-13,19,"elettivo"
"http://dati.senato.it/senatore/1275","Ignazio","La Russa","M","Paterno'","Catania","Italia",1947-07-18,"MILANO","Milano","Italia","Avvocato cassazionista",2022-10-13,19,"elettivo"
"http://dati.senato.it/senatore/36402","Elena","Leonardi","F","Recanati","Macerata","Italia",1975-05-03,"PORTO RECANATI","Macerata","Italia","Amministratore locale",2022-10-13,19,"elettivo"
"http://dati.senato.it/senatore/32653","Ettore Antonio","Licheri","M","Sassari","Sassari","Italia",1963-10-11,"SASSARI","Sassari","Italia","Avvocato",2022-10-13,19,"elettivo"
"http://dati.senato.it/senatore/36434","Sabrina","Licheri","F","ASSEMINI","Cagliari","Italia",1971-06-04,"ASSEMINI","Cagliari","Italia","Consulente aziendale",2022-10-13,19,"elettivo"
"http://dati.senato.it/senatore/36434","Sabrina","Licheri","F","ASSEMINI","Cagliari","Italia",1971-06-04,"ASSEMINI","Cagliari","Italia","Consulente",2022-10-13,19,"elettivo"
"http://dati.senato.it/senatore/36434","Sabrina","Licheri","F","ASSEMINI","Cagliari","Italia",1971-06-04,"ASSEMINI","Cagliari","Italia","Assistente amministrativo",2022-10-13,19,"elettivo"
"http://dati.senato.it/senatore/36403","Guido Quintino","Liris","M","L'Aquila","L'Aquila","Italia",1979-06-12,"L'AQUILA","L'Aquila","Italia","Medico",2022-10-13,19,"elettivo"
"http://dati.senato.it/senatore/36403","Guido Quintino","Liris","M","L'Aquila","L'Aquila","Italia",1979-06-12,"L'AQUILA","L'Aquila","Italia","Medico epidemiologo e del lavoro",2022-10-13,19,"elettivo"
"http://dati.senato.it/senatore/36435","Marco","Lisei","M","BOLOGNA","Bologna","Italia",1977-03-15,"BOLOGNA","Bologna","Italia","Avvocato",2022-10-13,19,"elettivo"
"http://dati.senato.it/senatore/36436","Marco","Lombardo","M","LOCRI","Reggio di Calabria","Italia",1981-01-02,"BOLOGNA","Bologna","Italia","Docente universitario",2022-10-13,19,"elettivo"
"http://dati.senato.it/senatore/36404","Ada","Lopreiato","F","Napoli","Napoli","Italia",1971-09-06,"NAPOLI","Napoli","Italia","Avvocato",2022-10-13,19,"elettivo"
"http://dati.senato.it/senatore/32655","Pietro","Lorefice","M","Gela","Caltanissetta","Italia",1967-07-18,"GELA","Caltanissetta","Italia","Tecnico",2022-10-13,19,"elettivo"
"http://dati.senato.it/senatore/32655","Pietro","Lorefice","M","Gela","Caltanissetta","Italia",1967-07-18,"GELA","Caltanissetta","Italia","Impiegato pubblico",2022-10-13,19,"elettivo"
"http://dati.senato.it/senatore/25474","Beatrice","Lorenzin","F","Roma","Roma","Italia",1971-10-14,"ROMA","Roma","Italia","Dirigente",2022-10-13,19,"elettivo"
"http://dati.senato.it/senatore/25474","Beatrice","Lorenzin","F","Roma","Roma","Italia",1971-10-14,"ROMA","Roma","Italia","Impiegato",2022-10-13,19,"elettivo"
"http://dati.senato.it/senatore/18055","Alberto","Losacco","M","Brindisi","Brindisi","Italia",1970-07-01,"BARI","Bari","Italia","Avvocato",2022-10-13,19,"elettivo"
"http://dati.senato.it/senatore/36405","Claudio","Lotito","M","Roma","Roma","Italia",1957-05-09,"CIAMPINO","Roma","Italia","Imprenditore",2022-10-13,19,"elettivo"
"http://dati.senato.it/senatore/33946","Gianpietro","Maffoni","M","Orzinuovi","Brescia","Italia",1951-11-02,"ORZINUOVI","Brescia","Italia","Imprenditore",2022-10-13,19,"elettivo"
"http://dati.senato.it/senatore/36437","Tino","Magni","M","BARZAGO","Lecco","Italia",1947-06-29,"BARZAGO","Lecco","Italia","Sindacalista o esponente di associazione",2022-10-13,19,"elettivo"
"http://dati.senato.it/senatore/32658","Alessandra","Maiorino","F","Roma","Roma","Italia",1974-07-24,"FIUMICINO","Roma","Italia","Insegnante",2022-10-13,19,"elettivo"
"http://dati.senato.it/senatore/1407","Lucio","Malan","M","Luserna San Giovanni","Torino","Italia",1960-07-30,"ROMA","Roma","Italia","Insegnante",2022-10-13,19,"elettivo"
"http://dati.senato.it/senatore/1407","Lucio","Malan","M","Luserna San Giovanni","Torino","Italia",1960-07-30,"ROMA","Roma","Italia","Insegnante, funzionario di partito",2022-10-13,19,"elettivo"
"http://dati.senato.it/senatore/29467","Simona Flavia","Malpezzi","F","Cernusco Sul Naviglio","Milano","Italia",1972-08-22,"PIOLTELLO","Milano","Italia","Insegnante",2022-10-13,19,"elettivo"
"http://dati.senato.it/senatore/32660","Daniele","Manca","M","Imola","Bologna","Italia",1969-05-16,"FANO","Pesaro e Urbino","Italia","Impiegato",2022-10-13,19,"elettivo"
"http://dati.senato.it/senatore/32660","Daniele","Manca","M","Imola","Bologna","Italia",1969-05-16,"FANO","Pesaro e Urbino","Italia","Funzionario",2022-10-13,19,"elettivo"
"http://dati.senato.it/senatore/36438","Paola","Mancini","F","ASOLA","Mantova","Italia",1973-11-04,"SIRMIONE","Brescia","Italia","Consulente",2022-10-13,19,"elettivo"
"http://dati.senato.it/senatore/36438","Paola","Mancini","F","ASOLA","Mantova","Italia",1973-11-04,"SIRMIONE","Brescia","Italia","Consulente del lavoro",2022-10-13,19,"elettivo"
"http://dati.senato.it/senatore/36439","Paolo","Marcheschi","M","FIRENZE","Firenze","Italia",1961-03-23,"FIRENZE","Firenze","Italia","Agente di assicurazione",2022-10-13,19,"elettivo"
"http://dati.senato.it/senatore/36439","Paolo","Marcheschi","M","FIRENZE","Firenze","Italia",1961-03-23,"FIRENZE","Firenze","Italia","Assicuratore",2022-10-13,19,"elettivo"
"http://dati.senato.it/senatore/36439","Paolo","Marcheschi","M","FIRENZE","Firenze","Italia",1961-03-23,"FIRENZE","Firenze","Italia","Agente, imprenditore",2022-10-13,19,"elettivo"
"http://dati.senato.it/senatore/17924","Andrea","Martella","M","Portogruaro","Venezia","Italia",1968-08-27,"VENEZIA","Venezia","Italia","Consulente",2022-10-13,19,"elettivo"
"http://dati.senato.it/senatore/29480","Roberto","Marti","M","Lecce","Lecce","Italia",1974-06-11,"LECCE","Lecce","Italia","Imprenditore",2022-10-13,19,"elettivo"
"http://dati.senato.it/senatore/29132","Bruno","Marton","M","Varedo","Monza e Brianza","Italia",1969-09-28,"PADERNO DUGNANO","Milano","Italia","Artigiano",2022-10-13,19,"elettivo"
"http://dati.senato.it/senatore/36440","Domenico","Matera","M","BENEVENTO","Benevento","Italia",1965-05-19,"BUCCIANO","Benevento","Italia","Amministratore locale",2022-10-13,19,"elettivo"
"http://dati.senato.it/senatore/36440","Domenico","Matera","M","BENEVENTO","Benevento","Italia",1965-05-19,"BUCCIANO","Benevento","Italia","Segretario comunale",2022-10-13,19,"elettivo"
"http://dati.senato.it/senatore/36406","Orfeo","Mazzella","M","Cercola","Napoli","Italia",1965-09-30,"TORRE ANNUNZIATA","Napoli","Italia","Medico",2022-10-13,19,"elettivo"
"http://dati.senato.it/senatore/36406","Orfeo","Mazzella","M","Cercola","Napoli","Italia",1965-09-30,"TORRE ANNUNZIATA","Napoli","Italia","Odontoiatra",2022-10-13,19,"elettivo"
"http://dati.senato.it/senatore/36406","Orfeo","Mazzella","M","Cercola","Napoli","Italia",1965-09-30,"TORRE ANNUNZIATA","Napoli","Italia","Odontoiatra, libero professionista",2022-10-13,19,"elettivo"
"http://dati.senato.it/senatore/36407","Filippo","Melchiorre","M","Bari","Bari","Italia",1966-05-07,"BARI","Bari","Italia","Funzionario pubblico",2022-10-13,19,"elettivo"
"http://dati.senato.it/senatore/36407","Filippo","Melchiorre","M","Bari","Bari","Italia",1966-05-07,"BARI","Bari","Italia","Altro",2022-10-13,19,"elettivo"
"http://dati.senato.it/senatore/29490","Marco","Meloni","M","Quartu Sant'Elena","Cagliari","Italia",1971-06-16,"CAGLIARI","Cagliari","Italia","Avvocato",2022-10-13,19,"elettivo"
"http://dati.senato.it/senatore/1558","Roberto","Menia","M","Pieve Di Cadore","Belluno","Italia",1961-12-03,"TRIESTE","Trieste","Italia","Giornalista",2022-10-13,19,"elettivo"
"http://dati.senato.it/senatore/34558","Lavinia","Mennuni","F","Southampton",,"Regno Unito",1976-04-17,"ROMA","Roma","Italia","Avvocato",2022-10-13,19,"elettivo"
"http://dati.senato.it/senatore/36408","Ester","Mieli","F","Roma","Roma","Italia",1976-04-22,"ROMA","Roma","Italia","Giornalista",2022-10-13,19,"elettivo"
"http://dati.senato.it/senatore/36013","Tilde","Minasi","F","Reggio Di Calabria","Reggio di Calabria","Italia",1960-07-24,"REGGIO DI CALABRIA","Reggio di Calabria","Italia","Avvocato",2022-10-13,19,"elettivo"
"http://dati.senato.it/senatore/29138","Franco","Mirabelli","M","Milano","Milano","Italia",1960-02-09,"MILANO","Milano","Italia","Funzionario",2022-10-13,19,"elettivo"
"http://dati.senato.it/senatore/29138","Franco","Mirabelli","M","Milano","Milano","Italia",1960-02-09,"MILANO","Milano","Italia","Funzionario di partito",2022-10-13,19,"elettivo"
"http://dati.senato.it/senatore/23011","Antonio","Misiani","M","Bergamo","Bergamo","Italia",1968-09-04,"BERGAMO","Bergamo","Italia","Consulente",2022-10-13,19,"elettivo"
"http://dati.senato.it/senatore/28543","Mario","Monti","M","Varese","Varese","Italia",1943-03-19,"MILANO","Milano","Italia","Docente universitario",2022-10-13,19,"a vita, di nomina del Presidente della Repubblica"
"http://dati.senato.it/senatore/28543","Mario","Monti","M","Varese","Varese","Italia",1943-03-19,"MILANO","Milano","Italia","Professore universitario",2022-10-13,19,"a vita, di nomina del Presidente della Repubblica"
"http://dati.senato.it/senatore/32988","Alessandro","Morelli","M","VIZZOLO PREDABISSI","Milano","Italia",1977-05-09,"OPERA","Milano","Italia","Giornalista",2022-10-13,19,"elettivo"
"http://dati.senato.it/senatore/33110","Elena","Murelli","F","Piacenza","Piacenza","Italia",1975-07-29,"PODENZANO","Piacenza","Italia","Consulente",2022-10-13,19,"elettivo"
"http://dati.senato.it/senatore/33110","Elena","Murelli","F","Piacenza","Piacenza","Italia",1975-07-29,"PODENZANO","Piacenza","Italia","Consulente sui finanziamenti europei - docente a contratto informatica aziendale",2022-10-13,19,"elettivo"
"http://dati.senato.it/senatore/36409","Dafne","Musolino","F","Messina","Messina","Italia",1974-12-04,"MESSINA","Messina","Italia","Avvocato",2022-10-13,19,"elettivo"
"http://dati.senato.it/senatore/28306","Nello","Musumeci","M","Militello In Val Di Catania","Catania","Italia",1955-01-21,"MILITELLO IN VAL DI CATANIA","Catania","Italia","Bancario",2022-10-13,19,"elettivo"
"http://dati.senato.it/senatore/28306","Nello","Musumeci","M","Militello In Val Di Catania","Catania","Italia",1955-01-21,"MILITELLO IN VAL DI CATANIA","Catania","Italia","Agricoltore",2022-10-13,19,"elettivo"
"http://dati.senato.it/senatore/28306","Nello","Musumeci","M","Militello In Val Di Catania","Catania","Italia",1955-01-21,"MILITELLO IN VAL DI CATANIA","Catania","Italia","Bancario unicredit, giornalista",2022-10-13,19,"elettivo"
"http://dati.senato.it/senatore/25446","Gaetano","Nastri","M","Boscoreale","Napoli","Italia",1968-03-18,"NOVARA","Novara","Italia","Assicuratore",2022-10-13,19,"elettivo"
"http://dati.senato.it/senatore/25446","Gaetano","Nastri","M","Boscoreale","Napoli","Italia",1968-03-18,"NOVARA","Novara","Italia","Agente generali ass.",2022-10-13,19,"elettivo"
"http://dati.senato.it/senatore/32673","Gisella","Naturale","F","San Giovanni Rotondo","Foggia","Italia",1969-06-03,"TORREMAGGIORE","Foggia","Italia","Insegnante",2022-10-13,19,"elettivo"
"http://dati.senato.it/senatore/32673","Gisella","Naturale","F","San Giovanni Rotondo","Foggia","Italia",1969-06-03,"TORREMAGGIORE","Foggia","Italia","Casalinga",2022-10-13,19,"elettivo"
"http://dati.senato.it/senatore/36410","Luigi","Nave","M","Villaricca","Napoli","Italia",1970-05-13,"VILLARICCA","Napoli","Italia","Insegnante",2022-10-13,19,"elettivo"
"http://dati.senato.it/senatore/36410","Luigi","Nave","M","Villaricca","Napoli","Italia",1970-05-13,"VILLARICCA","Napoli","Italia","Professore informatica scuola superiore",2022-10-13,19,"elettivo"
"http://dati.senato.it/senatore/36411","Antonio","Nicita","M","Siracusa","Siracusa","Italia",1968-02-10,"ROMA","Roma","Italia","Docente universitario",2022-10-13,19,"elettivo"
"http://dati.senato.it/senatore/36411","Antonio","Nicita","M","Siracusa","Siracusa","Italia",1968-02-10,"ROMA","Roma","Italia","Professore ordinario",2022-10-13,19,"elettivo"
"http://dati.senato.it/senatore/36411","Antonio","Nicita","M","Siracusa","Siracusa","Italia",1968-02-10,"ROMA","Roma","Italia","Ordinario di politica economica",2022-10-13,19,"elettivo"
"http://dati.senato.it/senatore/36412","Vita Maria","Nocco","F","Santeramo in Colle","Bari","Italia",1974-12-12,"SANTERAMO IN COLLE","Bari","Italia","Imprenditore",2022-10-13,19,"elettivo"
"http://dati.senato.it/senatore/36413","Mario","Occhiuto","M","Cosenza","Cosenza","Italia",1964-01-06,"COSENZA","Cosenza","Italia","Architetto",2022-10-13,19,"elettivo"
"http://dati.senato.it/senatore/36414","Fausto","Orsomarso","M","Cosenza","Cosenza","Italia",1971-08-18,"COSENZA","Cosenza","Italia","Imprenditore",2022-10-13,19,"elettivo"
"http://dati.senato.it/senatore/36414","Fausto","Orsomarso","M","Cosenza","Cosenza","Italia",1971-08-18,"COSENZA","Cosenza","Italia","Amministratore o manager",2022-10-13,19,"elettivo"
"http://dati.senato.it/senatore/32677","Andrea","Ostellari","M","Campo San Martino","Padova","Italia",1974-03-17,"PADOVA","Padova","Italia","Avvocato",2022-10-13,19,"elettivo"
"http://dati.senato.it/senatore/34243","Andrea","Paganella","M","Roncoferraro","Mantova","Italia",1974-12-03,"PORTO MANTOVANO","Mantova","Italia","Imprenditore",2022-10-13,19,"elettivo"
"http://dati.senato.it/senatore/33005","Raffaella","Paita","F","LA SPEZIA","La Spezia","Italia",1974-11-23,"LA SPEZIA","La Spezia","Italia","Giornalista",2022-10-13,19,"elettivo"
"http://dati.senato.it/senatore/4512","Adriano","Paroli","M","Brescia","Brescia","Italia",1962-03-30,"BRESCIA","Brescia","Italia","Avvocato",2022-10-13,19,"elettivo"
"http://dati.senato.it/senatore/29521","Dario","Parrini","M","Vinci","Firenze","Italia",1973-10-17,"VINCI","Firenze","Italia","Impiegato",2022-10-13,19,"elettivo"
"http://dati.senato.it/senatore/36415","Pietro","Patton","M","Trento","Trento","Italia",1957-12-28,"TRENTO","Trento","Italia","Dirigente",2022-10-13,19,"elettivo"
"http://dati.senato.it/senatore/32681","Stefano","Patuanelli","M","Trieste","Trieste","Italia",1974-06-08,"TRIESTE","Trieste","Italia","Ingegnere",2022-10-13,19,"elettivo"
"http://dati.senato.it/senatore/32681","Stefano","Patuanelli","M","Trieste","Trieste","Italia",1974-06-08,"TRIESTE","Trieste","Italia","Ingegnere, libero professionista",2022-10-13,19,"elettivo"
"http://dati.senato.it/senatore/35489","Cinzia","Pellegrino","F","Poggiardo","Lecce","Italia",1975-07-17,"ROMA","Roma","Italia","Consulente",2023-05-09,19,"elettivo"
"http://dati.senato.it/senatore/3900","Marcello","Pera","M","Lucca","Lucca","Italia",1943-01-28,"LUCCA","Lucca","Italia","Docente universitario",2022-10-13,19,"elettivo"
"http://dati.senato.it/senatore/3900","Marcello","Pera","M","Lucca","Lucca","Italia",1943-01-28,"LUCCA","Lucca","Italia","Professore ordinario di filosofia della scienza - università di pisa",2022-10-13,19,"elettivo"
"http://dati.senato.it/senatore/25429","Giovanna","Petrenga","F","Casal Di Principe","Caserta","Italia",1956-07-06,"CASERTA","Caserta","Italia","Dirigente",2022-10-13,19,"elettivo"
"http://dati.senato.it/senatore/25429","Giovanna","Petrenga","F","Casal Di Principe","Caserta","Italia",1956-07-06,"CASERTA","Caserta","Italia","Storico dell'arte, dirigente ministero beni culturali in pensione",2022-10-13,19,"elettivo"
"http://dati.senato.it/senatore/25429","Giovanna","Petrenga","F","Casal Di Principe","Caserta","Italia",1956-07-06,"CASERTA","Caserta","Italia","Storico dell'arte - direttore coordinatore",2022-10-13,19,"elettivo"
"http://dati.senato.it/senatore/36416","Simona","Petrucci","F","Grosseto","Grosseto","Italia",1971-04-17,"GROSSETO","Grosseto","Italia","Geologo",2022-10-13,19,"elettivo"
"http://dati.senato.it/senatore/36416","Simona","Petrucci","F","Grosseto","Grosseto","Italia",1971-04-17,"GROSSETO","Grosseto","Italia","Altra professione intellettuale o scientifica",2022-10-13,19,"elettivo"
"http://dati.senato.it/senatore/30512","Renzo","Piano","M","Genova","Genova","Italia",1937-09-14,"Parigi","Stato Estero","Francia","Architetto",2022-10-13,19,"a vita, di nomina del Presidente della Repubblica"
"http://dati.senato.it/senatore/36417","Luca","Pirondini","M","Genova","Genova","Italia",1981-06-08,"GENOVA","Genova","Italia","Artista o professionista dello spettacolo",2022-10-13,19,"elettivo"
"http://dati.senato.it/senatore/36417","Luca","Pirondini","M","Genova","Genova","Italia",1981-06-08,"GENOVA","Genova","Italia","Professore d'orchestra",2022-10-13,19,"elettivo"
"http://dati.senato.it/senatore/18562","Daisy","Pirovano","F","Romano Di Lombardia","Bergamo","Italia",1977-12-19,"MISANO DI GERA D'ADDA","Bergamo","Italia","Amministratore locale",2022-10-13,19,"elettivo"
"http://dati.senato.it/senatore/18562","Daisy","Pirovano","F","Romano Di Lombardia","Bergamo","Italia",1977-12-19,"MISANO DI GERA D'ADDA","Bergamo","Italia","Sindaco",2022-10-13,19,"elettivo"
"http://dati.senato.it/senatore/18562","Daisy","Pirovano","F","Romano Di Lombardia","Bergamo","Italia",1977-12-19,"MISANO DI GERA D'ADDA","Bergamo","Italia","Sindaco di misano di gera d'adda (bg)",2022-10-13,19,"elettivo"
"http://dati.senato.it/senatore/32691","Elisa","Pirro","F","Torino","Torino","Italia",1973-07-15,"ORBASSANO","Torino","Italia","Tecnico",2022-10-13,19,"elettivo"
"http://dati.senato.it/senatore/32691","Elisa","Pirro","F","Torino","Torino","Italia",1973-07-15,"ORBASSANO","Torino","Italia","Biologa",2022-10-13,19,"elettivo"
"http://dati.senato.it/senatore/32691","Elisa","Pirro","F","Torino","Torino","Italia",1973-07-15,"ORBASSANO","Torino","Italia","Tecnico della ricerca università di torino",2022-10-13,19,"elettivo"
"http://dati.senato.it/senatore/36441","Salvo","Pogliese","M","CATANIA","Catania","Italia",1972-03-03,"SAN GREGORIO DI CATANIA","Catania","Italia","Dottore commercialista",2022-10-13,19,"elettivo"
"http://dati.senato.it/senatore/36441","Salvo","Pogliese","M","CATANIA","Catania","Italia",1972-03-03,"SAN GREGORIO DI CATANIA","Catania","Italia","Commercialista",2022-10-13,19,"elettivo"
"http://dati.senato.it/senatore/33022","Manfredi","Potenti","M","Cecina","Livorno","Italia",1976-07-21,"ROSIGNANO MARITTIMO","Livorno","Italia","Avvocato",2022-10-13,19,"elettivo"
"http://dati.senato.it/senatore/32697","Stefania","Pucciarelli","F","Sarzana","La Spezia","Italia",1967-03-06,"SANTO STEFANO DI MAGRA","La Spezia","Italia","Amministratore locale",2022-10-13,19,"elettivo"
"http://dati.senato.it/senatore/36418","Vincenza","Rando","F","Niscemi","Caltanissetta","Italia",1958-06-09,"MODENA","Modena","Italia","Avvocato",2022-10-13,19,"elettivo"
"http://dati.senato.it/senatore/36419","Ernesto","Rapani","M","Rossano","Cosenza","Italia",1967-05-02,"CORIGLIANO-ROSSANO","Cosenza","Italia","Architetto",2022-10-13,19,"elettivo"
"http://dati.senato.it/senatore/36442","Sergio","Rastrelli","M","NAPOLI","Napoli","Italia",1966-01-17,"AVELLINO","Avellino","Italia","Avvocato",2022-10-13,19,"elettivo"
"http://dati.senato.it/senatore/32699","Isabella","Rauti","F","Roma","Roma","Italia",1962-11-17,"ROMA","Roma","Italia","Giornalista professionista",2022-10-13,19,"elettivo"
"http://dati.senato.it/senatore/32699","Isabella","Rauti","F","Roma","Roma","Italia",1962-11-17,"ROMA","Roma","Italia","Giornalista",2022-10-13,19,"elettivo"
"http://dati.senato.it/senatore/32699","Isabella","Rauti","F","Roma","Roma","Italia",1962-11-17,"ROMA","Roma","Italia","Giornalista professionista, docente, ufficiale riserva selezionata e.i.",2022-10-13,19,"elettivo"
"http://dati.senato.it/senatore/30742","Matteo","Renzi","M","Firenze","Firenze","Italia",1975-01-11,"FIRENZE","Firenze","Italia","Dirigente",2022-10-13,19,"elettivo"
"http://dati.senato.it/senatore/30742","Matteo","Renzi","M","Firenze","Firenze","Italia",1975-01-11,"FIRENZE","Firenze","Italia","Dirigente d'azienda",2022-10-13,19,"elettivo"
"http://dati.senato.it/senatore/32703","Tatjana","Rojc","F","Trieste","Trieste","Italia",1961-10-26,"DUINO-AURISINA","Trieste","Italia","Altra professione intellettuale o scientifica",2022-10-13,19,"elettivo"
"http://dati.senato.it/senatore/32703","Tatjana","Rojc","F","Trieste","Trieste","Italia",1961-10-26,"DUINO-AURISINA","Trieste","Italia","Critica letteraria, scrittrice",2022-10-13,19,"elettivo"
"http://dati.senato.it/senatore/32703","Tatjana","Rojc","F","Trieste","Trieste","Italia",1961-10-26,"DUINO-AURISINA","Trieste","Italia","Critica letteraria e scrittrice, libero professionista",2022-10-13,19,"elettivo"
"http://dati.senato.it/senatore/32706","Massimiliano","Romeo","M","Monza","Monza e Brianza","Italia",1971-01-22,"MONZA","Monza e Brianza","Italia","Consulente",2022-10-13,19,"elettivo"
"http://dati.senato.it/senatore/32706","Massimiliano","Romeo","M","Monza","Monza e Brianza","Italia",1971-01-22,"MONZA","Monza e Brianza","Italia","Consulente automobilistico",2022-10-13,19,"elettivo"
"http://dati.senato.it/senatore/32707","Licia","Ronzulli","F","Milano","Milano","Italia",1975-09-14,"MILANO","Milano","Italia","Dirigente",2022-10-13,19,"elettivo"
"http://dati.senato.it/senatore/36420","Gianni","Rosa","M","Potenza","Potenza","Italia",1965-03-27,"AVIGLIANO","Potenza","Italia","Commercialista",2022-10-13,19,"elettivo"
"http://dati.senato.it/senatore/32779","Roberto","Rosso","M","TORINO","Torino","Italia",1967-08-16,"TORINO","Torino","Italia","Agente o rappresentante",2022-10-13,19,"elettivo"
"http://dati.senato.it/senatore/32779","Roberto","Rosso","M","TORINO","Torino","Italia",1967-08-16,"TORINO","Torino","Italia","Immobiliarista, giornalista pubblicista",2022-10-13,19,"elettivo"
"http://dati.senato.it/senatore/25411","Anna","Rossomando","F","Torino","Torino","Italia",1963-06-30,"TORINO","Torino","Italia","Avvocato",2022-10-13,19,"elettivo"
"http://dati.senato.it/senatore/30510","Carlo","Rubbia","M","Gorizia","Gorizia","Italia",1934-03-31,"SALISBURGO","Stato Estero","Austria","Ricercatore",2022-10-13,19,"a vita, di nomina del Presidente della Repubblica"
"http://dati.senato.it/senatore/30510","Carlo","Rubbia","M","Gorizia","Gorizia","Italia",1934-03-31,"SALISBURGO","Stato Estero","Austria","Scienziato",2022-10-13,19,"a vita, di nomina del Presidente della Repubblica"
"http://dati.senato.it/senatore/36421","Raoul","Russo","M","Palermo","Palermo","Italia",1971-03-03,"PALERMO","Palermo","Italia","Imprenditore",2022-10-13,19,"elettivo"
"http://dati.senato.it/senatore/36421","Raoul","Russo","M","Palermo","Palermo","Italia",1971-03-03,"PALERMO","Palermo","Italia","Dirigente regione siciliana",2022-10-13,19,"elettivo"
"http://dati.senato.it/senatore/36422","Salvatore","Sallemi","M","Vittoria","Ragusa","Italia",1977-01-31,"VITTORIA","Ragusa","Italia","Avvocato",2022-10-13,19,"elettivo"
"http://dati.senato.it/senatore/25407","Matteo","Salvini","M","Milano","Milano","Italia",1973-03-09,"ROMA","Roma","Italia","Giornalista",2022-10-13,19,"elettivo"
"http://dati.senato.it/senatore/36443","Giorgio","Salvitti","M","COLLEFERRO","Roma","Italia",1968-02-10,"COLLEFERRO","Roma","Italia","Imprenditore",2022-10-13,19,"elettivo"
"http://dati.senato.it/senatore/36443","Giorgio","Salvitti","M","COLLEFERRO","Roma","Italia",1968-02-10,"COLLEFERRO","Roma","Italia","Imprenditore ambito arredamento",2022-10-13,19,"elettivo"
"http://dati.senato.it/senatore/36444","Giovanni","Satta","M","ROMA","Roma","Italia",1965-01-22,"ROMA","Roma","Italia","Medico",2022-10-13,19,"elettivo"
"http://dati.senato.it/senatore/36444","Giovanni","Satta","M","ROMA","Roma","Italia",1965-01-22,"ROMA","Roma","Italia","Medico chirurgo",2022-10-13,19,"elettivo"
"http://dati.senato.it/senatore/36444","Giovanni","Satta","M","ROMA","Roma","Italia",1965-01-22,"ROMA","Roma","Italia","Dirigente medico ospedaliero",2022-10-13,19,"elettivo"
"http://dati.senato.it/senatore/25402","Daniela","Sbrollini","F","Latiano","Brindisi","Italia",1971-09-30,"VICENZA","Vicenza","Italia","Impiegato",2022-10-13,19,"elettivo"
"http://dati.senato.it/senatore/25402","Daniela","Sbrollini","F","Latiano","Brindisi","Italia",1971-09-30,"VICENZA","Vicenza","Italia","Dipendente anci veneto",2022-10-13,19,"elettivo"
"http://dati.senato.it/senatore/29573","Ivan","Scalfarotto","M","Pescara","Pescara","Italia",1965-08-16,"MILANO","Milano","Italia","Direttore risorse umane",2022-10-13,19,"elettivo"
"http://dati.senato.it/senatore/36423","Roberto Maria Ferdinando","Scarpinato","M","Caltanissetta","Caltanissetta","Italia",1952-01-14,"PALERMO","Palermo","Italia","Magistrato",2022-10-13,19,"elettivo"
"http://dati.senato.it/senatore/33863","Marco","Scurria","M","Roma","Roma","Italia",1967-05-18,"ROMA","Roma","Italia","Consulente",2022-10-13,19,"elettivo"
"http://dati.senato.it/senatore/32435","Liliana","Segre","F","Milano","Milano","Italia",1930-09-10,"MILANO","Milano","Italia","Imprenditore",2022-10-13,19,"a vita, di nomina del Presidente della Repubblica"
"http://dati.senato.it/senatore/32435","Liliana","Segre","F","Milano","Milano","Italia",1930-09-10,"MILANO","Milano","Italia","Imprenditrice",2022-10-13,19,"a vita, di nomina del Presidente della Repubblica"
"http://dati.senato.it/senatore/27622","Filippo","Sensi","M","Roma","Roma","Italia",1968-03-04,"ROMA","Roma","Italia","Giornalista",2023-03-21,19,"elettivo"
"http://dati.senato.it/senatore/36424","Etelwardo","Sigismondi","M","Vasto","Chieti","Italia",1974-09-29,"VASTO","Chieti","Italia","Architetto",2022-10-13,19,"elettivo"
"http://dati.senato.it/senatore/36445","Francesco","Silvestro","M","ARZANO","Napoli","Italia",1971-10-22,"NAPOLI","Napoli","Italia","Imprenditore",2022-10-13,19,"elettivo"
"http://dati.senato.it/senatore/33137","Marco","Silvestroni","M","Roma","Roma","Italia",1962-11-08,"ARICCIA","Roma","Italia","Pubblicista",2022-10-13,19,"elettivo"
"http://dati.senato.it/senatore/36425","Elena","Sironi","F","Milano","Milano","Italia",1961-02-18,"MILANO","Milano","Italia","Avvocato",2022-10-13,19,"elettivo"
"http://dati.senato.it/senatore/36425","Elena","Sironi","F","Milano","Milano","Italia",1961-02-18,"MILANO","Milano","Italia","Avvocato e mediatore civile",2022-10-13,19,"elettivo"
"http://dati.senato.it/senatore/36446","Sandro","Sisler","M","BOLLATE","Milano","Italia",1968-04-12,"CINISELLO BALSAMO","Milano","Italia","Dirigente",2022-10-13,19,"elettivo"
"http://dati.senato.it/senatore/36446","Sandro","Sisler","M","BOLLATE","Milano","Italia",1968-04-12,"CINISELLO BALSAMO","Milano","Italia","Direttore d'azienda",2022-10-13,19,"elettivo"
"http://dati.senato.it/senatore/22263","Francesco Paolo","Sisto","M","Bari","Bari","Italia",1955-04-27,"BARI","Bari","Italia","Avvocato",2022-10-13,19,"elettivo"
"http://dati.senato.it/senatore/22263","Francesco Paolo","Sisto","M","Bari","Bari","Italia",1955-04-27,"BARI","Bari","Italia","Avvocato, docente universitario",2022-10-13,19,"elettivo"
"http://dati.senato.it/senatore/36426","Luigi","Spagnolli","M","Bolzano","Bolzano","Italia",1960-02-10,"BOLZANO","Bolzano","Italia","Dirigente",2022-10-13,19,"elettivo"
"http://dati.senato.it/senatore/36426","Luigi","Spagnolli","M","Bolzano","Bolzano","Italia",1960-02-10,"BOLZANO","Bolzano","Italia","Dirigente pubblico",2022-10-13,19,"elettivo"
"http://dati.senato.it/senatore/36427","Nicoletta","Spelgatti","F","Aosta","Aosta","Italia",1971-07-28,"AOSTA","Aosta","Italia","Avvocato",2022-10-13,19,"elettivo"
"http://dati.senato.it/senatore/36428","Raffaele","Speranzon","M","Venezia","Venezia","Italia",1971-10-07,"VENEZIA","Venezia","Italia","Dirigente d'azienda",2022-10-13,19,"elettivo"
"http://dati.senato.it/senatore/36428","Raffaele","Speranzon","M","Venezia","Venezia","Italia",1971-10-07,"VENEZIA","Venezia","Italia","Amministratore o manager",2022-10-13,19,"elettivo"
"http://dati.senato.it/senatore/36447","Domenica","Spinelli","F","SAMMICHELE DI BARI","Bari","Italia",1969-01-08,"CORIANO","Rimini","Italia","Imprenditore",2022-10-13,19,"elettivo"
"http://dati.senato.it/senatore/36447","Domenica","Spinelli","F","SAMMICHELE DI BARI","Bari","Italia",1969-01-08,"CORIANO","Rimini","Italia","Collaboratore amministrativo",2022-10-13,19,"elettivo"
"http://dati.senato.it/senatore/29185","Erika","Stefani","F","Valdagno","Vicenza","Italia",1971-07-18,"MONTECCHIO MAGGIORE","Vicenza","Italia","Avvocato",2022-10-13,19,"elettivo"
"http://dati.senato.it/senatore/37739","Cristina","Tajani","F","Terlizzi","Bari","Italia",1978-11-28,"MILANO","Milano","Italia","Docente universitario",2023-05-31,19,"elettivo"
"http://dati.senato.it/senatore/37739","Cristina","Tajani","F","Terlizzi","Bari","Italia",1978-11-28,"MILANO","Milano","Italia","Ricercatrice e docente universitaria",2023-05-31,19,"elettivo"
"http://dati.senato.it/senatore/37415","Daniela","Ternullo","F","Siracusa","Siracusa","Italia",1975-05-09,"MELILLI","Siracusa","Italia","Imprenditore",2023-01-18,19,"elettivo"
"http://dati.senato.it/senatore/28550","Giuliomaria","Terzi Di Sant'Agata","M","Bergamo","Bergamo","Italia",1946-06-09,"ROMA","Roma","Italia","Diplomatico",2022-10-13,19,"elettivo"
"http://dati.senato.it/senatore/32721","Elena","Testor","F","Cavalese","Trento","Italia",1973-07-20,"CANAZEI","Trento","Italia","Imprenditore",2022-10-13,19,"elettivo"
"http://dati.senato.it/senatore/32721","Elena","Testor","F","Cavalese","Trento","Italia",1973-07-20,"CANAZEI","Trento","Italia","Imprenditrice",2022-10-13,19,"elettivo"
"http://dati.senato.it/senatore/30915","Paolo","Tosato","M","Negrar","Verona","Italia",1972-09-08,"VERONA","Verona","Italia",,2022-10-13,19,"elettivo"
"http://dati.senato.it/senatore/36448","Antonio Salvatore","Trevisi","M","COPERTINO","Lecce","Italia",1976-01-26,"CAVALLINO","Lecce","Italia","Dipendente pubblico",2022-10-13,19,"elettivo"
"http://dati.senato.it/senatore/36448","Antonio Salvatore","Trevisi","M","COPERTINO","Lecce","Italia",1976-01-26,"CAVALLINO","Lecce","Italia","Energy manager università del salento",2022-10-13,19,"elettivo"
"http://dati.senato.it/senatore/36449","Francesca","Tubetti","F","MONFALCONE","Gorizia","Italia",1982-08-06,"FOGLIANO REDIPUGLIA","Gorizia","Italia","Libero professionista",2022-10-13,19,"elettivo"
"http://dati.senato.it/senatore/36449","Francesca","Tubetti","F","MONFALCONE","Gorizia","Italia",1982-08-06,"FOGLIANO REDIPUGLIA","Gorizia","Italia","Assicuratore",2022-10-13,19,"elettivo"
"http://dati.senato.it/senatore/36449","Francesca","Tubetti","F","MONFALCONE","Gorizia","Italia",1982-08-06,"FOGLIANO REDIPUGLIA","Gorizia","Italia","Libero professionista - subagente assicurativo",2022-10-13,19,"elettivo"
"http://dati.senato.it/senatore/32726","Mario","Turco","M","Taranto","Taranto","Italia",1968-06-14,"TARANTO","Taranto","Italia","Docente universitario",2022-10-13,19,"elettivo"
"http://dati.senato.it/senatore/32726","Mario","Turco","M","Taranto","Taranto","Italia",1968-06-14,"TARANTO","Taranto","Italia","Professore universitario",2022-10-13,19,"elettivo"
"http://dati.senato.it/senatore/32726","Mario","Turco","M","Taranto","Taranto","Italia",1968-06-14,"TARANTO","Taranto","Italia","Professore di economia aziendale presso il dipartimento di scienze dell'economia di unisalento, dottore commercialista e revisore dei conti",2022-10-13,19,"elettivo"
"http://dati.senato.it/senatore/32727","Julia","Unterberger","F","Merano","Bolzano","Italia",1962-09-05,"MERANO","Bolzano","Italia","Avvocato",2022-10-13,19,"elettivo"
"http://dati.senato.it/senatore/32727","Julia","Unterberger","F","Merano","Bolzano","Italia",1962-09-05,"MERANO","Bolzano","Italia","Avvocata",2022-10-13,19,"elettivo"
"http://dati.senato.it/senatore/2444","Adolfo","Urso","M","Padova","Padova","Italia",1957-07-12,"ROMA","Roma","Italia","Giornalista",2022-10-13,19,"elettivo"
"http://dati.senato.it/senatore/29604","Valeria","Valente","F","Napoli","Napoli","Italia",1976-09-16,"NAPOLI","Napoli","Italia","Avvocato",2022-10-13,19,"elettivo"
"http://dati.senato.it/senatore/28924","Francesco","Verducci","M","Fermo","Fermo","Italia",1972-10-05,"ROMA","Roma","Italia","Docente universitario",2022-10-13,19,"elettivo"
"http://dati.senato.it/senatore/28924","Francesco","Verducci","M","Fermo","Fermo","Italia",1972-10-05,"ROMA","Roma","Italia","Docente universitario (università degli studi di macerata)",2022-10-13,19,"elettivo"
"http://dati.senato.it/senatore/25377","Walter","Verini","M","Citta' Di Castello","Perugia","Italia",1956-01-17,"ROMA","Roma","Italia","Giornalista",2022-10-13,19,"elettivo"
"http://dati.senato.it/senatore/25377","Walter","Verini","M","Citta' Di Castello","Perugia","Italia",1956-01-17,"ROMA","Roma","Italia","Giornalista, dirigente di partito",2022-10-13,19,"elettivo"
"http://dati.senato.it/senatore/33027","Giusy","Versace","F","Reggio Di Calabria","Reggio di Calabria","Italia",1977-05-20,"BASIGLIO","Milano","Italia","Libero professionista",2022-10-13,19,"elettivo"
"http://dati.senato.it/senatore/33027","Giusy","Versace","F","Reggio Di Calabria","Reggio di Calabria","Italia",1977-05-20,"BASIGLIO","Milano","Italia","Professionista dello sport",2022-10-13,19,"elettivo"
"http://dati.senato.it/senatore/32732","Francesco","Zaffini","M","Spoleto","Perugia","Italia",1955-03-09,"PERUGIA","Perugia","Italia","Dirigente",2022-10-13,19,"elettivo"
"http://dati.senato.it/senatore/32732","Francesco","Zaffini","M","Spoleto","Perugia","Italia",1955-03-09,"PERUGIA","Perugia","Italia","Dirigente bancario",2022-10-13,19,"elettivo"
"http://dati.senato.it/senatore/32732","Francesco","Zaffini","M","Spoleto","Perugia","Italia",1955-03-09,"PERUGIA","Perugia","Italia","Quadro direttivo bancario, sindacalista o esponente di associazione",2022-10-13,19,"elettivo"
"http://dati.senato.it/senatore/36429","Ylenia","Zambito","F","Pisa","Pisa","Italia",1974-06-27,"PISA","Pisa","Italia","Docente universitario",2022-10-13,19,"elettivo"
"http://dati.senato.it/senatore/36429","Ylenia","Zambito","F","Pisa","Pisa","Italia",1974-06-27,"PISA","Pisa","Italia","Professoressa universitaria",2022-10-13,19,"elettivo"
"http://dati.senato.it/senatore/24016","Sandra","Zampa","F","Mercato Saraceno","Forli'-Cesena","Italia",1956-05-16,"BOLOGNA","Bologna","Italia","Giornalista",2022-10-13,19,"elettivo"
"http://dati.senato.it/senatore/17811","Pierantonio","Zanettin","M","Vicenza","Vicenza","Italia",1961-07-13,"VICENZA","Vicenza","Italia","Avvocato",2022-10-13,19,"elettivo"
"http://dati.senato.it/senatore/17811","Pierantonio","Zanettin","M","Vicenza","Vicenza","Italia",1961-07-13,"VICENZA","Vicenza","Italia","Avvocato, revisore contabile",2022-10-13,19,"elettivo"
"http://dati.senato.it/senatore/33038","Paolo","Zangrillo","M","Genova","Genova","Italia",1961-12-03,"MONCALIERI","Torino","Italia","Dirigente d'azienda",2022-10-13,19,"elettivo"
"http://dati.senato.it/senatore/33038","Paolo","Zangrillo","M","Genova","Genova","Italia",1961-12-03,"MONCALIERI","Torino","Italia","Amministratore o manager",2022-10-13,19,"elettivo"
"http://dati.senato.it/senatore/36430","Antonella","Zedda","F","Cagliari","Cagliari","Italia",1976-01-17,"ISILI","Sud Sardegna","Italia","Assicuratore",2022-10-13,19,"elettivo"
"http://dati.senato.it/senatore/36430","Antonella","Zedda","F","Cagliari","Cagliari","Italia",1976-01-17,"ISILI","Sud Sardegna","Italia","Assicuratore, consulente",2022-10-13,19,"elettivo"
"http://dati.senato.it/senatore/36450","Ignazio","Zullo","M","CASSANO DELLE MURGE","Bari","Italia",1959-08-20,"BITRITTO","Bari","Italia","Medico",2022-10-13,19,"elettivo"
"http://dati.senato.it/senatore/36450","Ignazio","Zullo","M","CASSANO DELLE MURGE","Bari","Italia",1959-08-20,"BITRITTO","Bari","Italia","Medico chirurgo",2022-10-13,19,"elettivo"
